{"cameraMode":{"drawMode":0,"name":"Shaded","section":"Shading Mode"},"sceneLighting":false,"audioPlay":false,"sceneViewState":{"showFog":true,"showMaterialUpdate":false,"showSkybox":true,"showFlares":true,"showImageEffects":true,"showParticleSystems":true},"in2DMode":false,"pivot":{"x":2.3399999141693117,"y":1.2000000476837159,"z":2.369999885559082},"rotation":{"x":0.7531917691230774,"y":1.2859142373145006e-7,"z":-4.5615641397489528e-7,"w":0.6578043699264526},"size":22.0,"orthographic":false}