{"cameraMode":{"drawMode":0,"name":"Shaded","section":"Shading Mode"},"sceneLighting":false,"audioPlay":false,"sceneViewState":{"showFog":true,"showMaterialUpdate":false,"showSkybox":false,"showFlares":true,"showImageEffects":true,"showParticleSystems":true},"in2DMode":false,"pivot":{"x":0.375,"y":2.994999885559082,"z":29.795000076293947},"rotation":{"x":0.478944331407547,"y":0.08272194117307663,"z":-0.04539583995938301,"w":0.8727610111236572},"size":23.878019332885743,"orthographic":true}